{"loss": [NaN, NaN, NaN, 18261.852590460527, 14419.591796875, 5343.73779296875, 410.39056396484375, 134.05059814453125, 103.35458374023438, 102.24683380126953, 102.66252899169922, 78.17267608642578, 77.36206817626953, 60.18532943725586, 53.82585525512695], "mean_squared_error": [NaN, NaN, NaN, 36523.70518092105, 28839.18359375, 10687.4755859375, 820.7811279296875, 268.1011962890625, 206.70916748046875, 204.49366760253906, 205.32505798339844, 156.34535217285156, 154.72413635253906, 120.37065887451172, 107.6517105102539], "mean_q": [NaN, NaN, NaN, -3.8605234685697054, -27.9464111328125, -99.7747573852539, -196.35922241210938, -194.62997436523438, -191.96099853515625, -191.36717224121094, -193.02670288085938, -194.1328125, -193.35885620117188, -195.86721801757812, -196.5470428466797], "episode_reward": [-5575.562297102442, -5745.860829409975, -5643.116021528889, -6283.522983335862, -5922.837794761637, -5951.867364927047, -5482.569848650777, -4987.802246588583, -5000.974158999539, -5294.373517087269, -5085.425287621254, -5436.035149014065, -5434.194472305118, -5386.643132753279, -5239.622797242108], "nb_episode_steps": [30, 30, 30, 30, 30, 30, 30, 30, 30, 30, 30, 30, 30, 30, 30], "nb_steps": [30, 60, 90, 120, 150, 180, 210, 240, 270, 300, 330, 360, 390, 420, 450], "episode": [0, 1, 2, 3, 4, 5, 6, 7, 8, 9, 10, 11, 12, 13, 14], "duration": [0.0909849, 0.013423299999999999, 0.014778299999999994, 0.6062186, 0.14323799999999998, 0.14044450000000008, 0.14261729999999995, 0.16207060000000006, 0.15567200000000003, 0.15783459999999994, 0.15595440000000016, 0.15486770000000005, 0.14646640000000022, 0.1572125999999998, 0.1562066999999998],"process_noise_std":[0.0],"theta":[0.15]}